Variable,min,max,to_set
Air_RH_Avg,-50,150,
Air_RH_Std,,,
Air_T_Avg,-100,100,
AirTemp_Avg,-100,100,
AirTemp_Std,,,
Air_T_Std,,,
Albedo_Avg,-1,2,
Albedo_Std,,,
ATT_C_Avg,-100,100,
ATT_C_Std,,,
Batt_V_Avg,-1,50,
BattV_Avg,-1,50,
Batt_V_Min,-1,50,
BattV_Min,-1,50,
Batt_Volt_Avg,-1,50,
Batt_Volt_Min,-1,50,
Body_T_Avg,-100,100,
Body_T_Std,,,
CTT_C_Avg,-100,100,
CTT_C_Std,,,
diag_10_TOT,,,
diag_1_TOT,,,
diag_2_TOT,,,
diag_4_TOT,,,
diag_8_TOT,,,
diag_9_TOT,,,
DnTot_Avg,-500,2000,
DnTot_Std,,,
IR01Dn_Avg,-500,500,
IR01DnCo_Avg,-100,1000,
IR01DnCo_Std,,,
IR01Dn_Std,,,
IR01Up_Avg,-500,500,
IR01UpCo_Avg,-100,1000,
IR01UpCo_Std,,,
IR01Up_Std,,,
Log_T_Avg,-100,100,
LWM_Con_Tot,0,15,
LWMCon_Tot,0,15,
LWM_Dry_Tot,0,15,
LWMDry_Tot,0,15,
LWmV_Max,200,3000,
LWmV_Min,200,3000,
LWmV_Std,,,
LWM_Wet_Tot,0,15,
LWMWet_Tot,0,15,
mean_wind_direction,-50,400,
mean_wind_speed,-5,50,
NDVI_Avg,-2,2,
NDVI_Dn_NIR_Avg,-1,10,
NDVI_DnNIR_Avg,-1,10,
NDVI_Dn_NIR_Std,,,
NDVI_DnNIR_Std,,,
NDVI_Dn_Red_Avg,-1,10,
NDVI_DnRed_Avg,-1,10,
NDVI_Dn_Red_Std,,,
NDVI_DnRed_Std,,,
NDVI_Dn_Tilt_Avg,0,2,
NDVI_Down_NIR_Avg,-1,10,
NDVI_DownNIR_Avg,-1,10,
NDVI_Down_NIR_Std,,,
NDVI_DownNIR_Std,,,
NDVI_Down_Red_Avg,-1,10,
NDVI_DownRed_Avg,-1,10,
NDVI_Down_Red_Std,,,
NDVI_DownRed_Std,,,
NDVI_Down_Tilt_Avg,0,2,
NDVI_Ind1_Avg,0,2,
NDVI_Ind2_Avg,0,2,
NDVI_Std,,,
NDVI_Up_NIR_Avg,-1,10,
NDVI_UpNIR_Avg,-1,10,
NDVI_Up_NIR_Std,,,
NDVI_UpNIR_Std,,,
NDVI_Up_Red_Avg,-1,10,
NDVI_UpRed_Avg,-1,10,
NDVI_Up_Red_Std,,,
NDVI_UpRed_Std,,,
NDVI_Up_Tilt_Avg,0,2,
NetRl_Avg,-1000,2000,
NetRl_Std,,,
NetRs_Avg,-1000,2000,
NetRs_Std,,,
NetTot_Avg,-1000,2000,
NetTot_Std,,,
no_data_TOT,,,
NR01TC_Avg,-100,100,
NR01TC_Std,,,
NR01TK_Avg,220,370,
NR01TK_Std,,,
NR_Albedo_Avg,-1,2,
NR_Albedo_Std,,,
NR_Dn_Tot_Avg,-1000,2000,
NR_Dn_Tot_Std,,,
NR_LW_Dn_Avg,-500,500,
NR_LW_Dn_Comp_Avg,-100,1000,
NR_LW_Dn_Comp_Std,,,
NR_LW_Dn_Std,,,
NR_LW_Net_Avg,-1000,2000,
NR_LW_Net_Std,,,
NR_LW_Up_Avg,-500,500,
NR_LW_Up_Comp_Avg,-100,1000,
NR_LW_Up_Comp_Std,,,
NR_LW_Up_Std,,,
NR_SW_Dn_Avg,-500,2000,
NR_SW_Dn_Std,,,
NR_SW_Net_Avg,-1000,2000,
NR_SW_Net_Std,,,
NR_SW_Up_Avg,-500,2000,
NR_SW_Up_Std,,,
NR_TC_Avg,-100,100,
NR_TC_Std,,,
NR_TK_Avg,220,370,
NR_TK_Std,,,
NR_Tot_Dn_Avg,-500,2000,
NR_Tot_Dn_Std,,,
NR_Tot_Net_Avg,-1000,2000,
NR_Tot_Net_Std,,,
NR_Tot_Up_Avg,-500,2000,
NR_Tot_Up_Std,,,
NR_Up_Tot_Avg,-1000,2000,
NR_Up_Tot_Std,,,
n_TOT,,,
PAR_Avg,-1000,4000,
PAR_Dif_Avg,-1000,4000,
PAR_diff_Avg,-1000,4000,
PAR_diff_Std,,,
PAR_Dif_Std,,,
PARdn_Avg,-1000,4000,
PARdn_IN_Avg,-1000,4000,
PARdn_IN_Std,,,
PAR_Dn_L_Avg,-1000,4000,
PAR_Dn_L_Std,,,
PARdn_OUT_Avg,-1000,4000,
PARdn_OUT_Std,,,
PARdnPlot1_Avg,-1000,4000,
PARdnPlot1_Std,,,
PARdnPlot2_Avg,-1000,4000,
PARdnPlot2_Std,,,
PARdnPlot3_Avg,-1000,4000,
PARdnPlot3_Std,,,
PARdn_Std,,,
PAR_Dn_T_Avg,-1000,4000,
PAR_Dn_T_Std,,,
PAR_SnowHeight_00_Avg,-1000,4000,
PAR_SnowHeight_00_Std,,,
PAR_SnowHeight_20_Avg,-1000,4000,
PAR_SnowHeight_20_Std,,,
PARsoil_20cm_Avg,-1000,4000,
PARsoil_20cm_Std,,,
PAR_Soil_A_Avg,-1000,4000,
PAR_Soil_A_Std,,,
PAR_Soil_Avg,-1000,4000,
PAR_Soil_B_Avg,-1000,4000,
PAR_Soil_B_Std,,,
PAR_Soil_C_Avg,-1000,4000,
PAR_Soil_C_Std,,,
PAR_Soil_In_Avg,-1000,4000,
PAR_Soil_In_Std,,,
PARsoil_L_Avg,-1000,4000,
PARsoil_LI_Avg,-1000,4000,
PARsoil_LI_Std,,,
PARsoil_LS_Avg,-1000,4000,
PARsoil_LSm_Avg,-1000,4000,
PARsoil_LSm_Std,,,
PARsoil_LSn2_Avg,-1000,4000,
PARsoil_LSn2_Std,,,
PARsoil_LSn3_Avg,-1000,4000,
PARsoil_LSn3_Std,,,
PARsoil_LSn_Avg,-1000,4000,
PARsoil_LSn_Std,,,
PARsoil_LSp_Avg,-1000,4000,
PARsoil_LSp_Std,,,
PARsoil_LS_Std,,,
PARsoil_LSt_Avg,-1000,4000,
PARsoil_L_Std,,,
PARsoil_LSt_Std,,,
PAR_Soil_Out_Avg,-1000,4000,
PAR_Soil_Out_Std,,,
PAR_Soil_SH_20_Avg,,,
PAR_Soil_SH_20_Std,,,
PAR_Soil_Std,,,
PARsoil_TSn2_Avg,-1000,4000,
PARsoil_TSn2_Std,,,
PARsoil_TSn3_Avg,-1000,4000,
PARsoil_TSn3_Std,,,
PARsoil_TSn_Avg,-1000,4000,
PARsoil_TSn_Std,,,
PARsoil_TSt_Avg,-1000,4000,
PARsoil_TSt_Std,,,
PAR_Std,,,
PAR_Tot_Avg,-1000,4000,
PAR_Tot_Std,,,
PARup_Avg,-1000,4000,
PAR_Up_Avg,-1000,4000,
PAR_up_diff_Avg,-1000,4000,
PARup_diff_Avg,-1000,4000,
PAR_up_diff_Std,,,
PARup_Std,,,
PAR_Up_Std,,,
PARup_tot_Avg,-1000,4000,
Pluvio_Level,-3,300,
Pluviometer_Level,-3,300,
Precip_Bucket_Level_NRT_Lt,-1,100,
Precip_Bucket_Level_NRT_Perc,-3,300,
Precip_Bucket_Level_RT_Lt,-1,100,
Precip_CS_Tot,0,500,
Precip_ElectronicUnit_T_Avg,-50,100,
Precip_ElectronicUnit_T_Std,,,
Precip_Heater_Status,,,
Precip_Int_Avg,-1,1000,
Precip_Int_Max,-1,1000,
Precip_Int_Std,,,
Precipitation_BucketContent,-1,100,
Precipitation_BucketContent_NRT,-1,100,
Precipitation_HeaterStatus,,,
Precipitation_Intensity_Avg,-1,1000,
Precipitation_Intensity_Max,-1,1000,
Precipitation_Intensity_Std,,,
Precipitation_NRT_CK,-1,Inf,
Precipitation_NRT_Tot,-1,500,
Precipitation_PluvioStatus,,,
Precipitation_SupplyVoltage_Avg,-1,50,
Precipitation_SupplyVoltage_Std,,,
Precipitation_T_Cell_Avg,-100,100,
Precipitation_T_Cell_Std,,,
Precipitation_T_ElectricUnit_Avg,-100,100,
Precipitation_T_ElectricUnit_Std,,,
Precipitation_T_HeatingRim_Avg,-100,100,
Precipitation_T_HeatingRim_Std,,,
Precipitation__Tot,-1,500,
Precip_LoadCell_T_Avg,-100,100,
Precip_LoadCell_T_Std,,,
Precip_NRT_Cum,-1,Inf,
Precip_NRT_Tot,-1,500,
Precip_Pluvio_Status,,,
Precip_Pluvio_V_Avg,-1,50,
Precip_Pluvio_V_Std,,,
Precip_Rim_T_Avg,-100,100,
Precip_Rim_T_Std,,,
Precip_RT_NRT_Tot,-1,500,
Precip_soil_CI_Tot,-1,500,
Precip_soil_CS_Tot,-1,500,
Precip_T_Int15_Tot,-1,500,
Precip_Tot,-1,500,
Precip_W_BucketCont,-1,100,
Precip_W_BucketCont_NRT,-1,100,
Precip_W_HeatStat,,,
Precip_W_Int15_CK,-1,Inf,
Precip_W_Int15_NRT_CK,-1,Inf,
Precip_W_Int15_NRT_Tot,-1,500,
Precip_W_Int15_Tot,-1,500,
Precip_W_Int60_Avg,,,1
Precip_W_Int60_Max,,,1
Precip_W_Int60_Std,,,
Precip_W_Pluvio_Level,-3,300,
Precip_W_PluvioStat,,,
Precip_W_SupplyV_Avg,,,1
Precip_W_SupplyV_Std,,,
Precip_W_T_Cell_Avg,-100,100,
Precip_W_T_Cell_Std,,,
Precip_W_T_ElectricUnit_Avg,-50,100,
Precip_W_T_ElectricUnit_Std,,,
Precip_W_T_HeatRim_Avg,-100,100,
Precip_W_T_HeatRim_Std,,,
Precip_W_T_SupplyV_Avg,,,1
Precip_W_T_SupplyV_Std,,,
PRI_Avg,-2,2,
PRI_Dn_Green_Avg,-1,10,
PRI_Dn_Green_Std,,,
PRI_DnNIR_Avg,-1,10,
PRI_DnNIR_Std,,,
PRI_DnRed_Avg,-1,10,
PRI_DnRed_Std,,,
PRI_Dn_Tilt_Avg,0,2,
PRI_Dn_Yellow_Avg,-1,10,
PRI_Dn_Yellow_Std,,,
PRI_Down_Green_Avg,-1,10,
PRI_Down_Green_Std,,,
PRI_DownNIR_Avg,-1,10,
PRI_DownNIR_Std,,,
PRI_DownRed_Avg,-1,10,
PRI_DownRed_Std,,,
PRI_Down_Tilt_Avg,0,2,
PRI_Down_Yellow_Avg,-1,10,
PRI_Down_Yellow_Std,,,
PRI_Ind1_Avg,0,2,
PRI_Ind2_Avg,0,2,
PRI_Std,,,
PRI_Up_Green_Avg,-1,10,
PRI_Up_Green_Std,,,
PRI_UpNIR_Avg,-1,10,
PRI_UpNIR_Std,,,
PRI_UpRed_Avg,-1,10,
PRI_UpRed_Std,,,
PRI_Up_Tilt_Avg,0,2,
PRI_Up_Yellow_Avg,-1,10,
PRI_Up_Yellow_Std,,,
PTemp_C_Avg,-50,100,
Rain_mm_Tot,-1,100,
Rain_Tot,-1,100,
RECORD,,,
RH,-50,150,
RH_Avg,-50,150,
RH_Std,,,
Rs_Avg,-500,2000,
Rs_Std,,,
SB_C_Avg,-100,100,
SB_C_Std,,,
SBTempC_Avg,-100,100,
SBTempC_Std,,,
SHF_Avg,-500,500,
SHF_Std,,,
Snow_Dist0_Avg,-1,5,
Snow_Dist0_Std,,,
Snow_Height_Avg,-1,5,
Snow_Height_Std,,,
Snow_Qual_Avg,,,
Snow_Qual_Std,,,
SR01Dn_Avg,-500,2000,
SR01Dn_Std,,,
SR01Up_Avg,-500,2000,
SR01Up_Std,,,
SR50A_AirTempC,-100,100,
SR50A_AirTempC_Std,,,
SR50A_QualityVal,,,
SR50A_QualityVal_Std,,,
SR50A_SnowDepth,-1,5,
SR50A_Snow_Depth,-1,5,
SR50A_SnowDepth_Meters,-1,5,
SR50A_SnowDepth_Meters_Std,,,
SR50A_Snow_Depth_Std,,,
SR50A_SnowDepth_Std,,,
SR50A_Snow_Dist,-1,5,
SR50A_SnowDist0,-1,5,
SR50A_Snow_Dist0,-1,5,
SR50A_Snow_Dist0_Std,,,
SR50A_SnowDist0_Std,,,
SR50A_Snow_Dist_Std,,,
SR50A_Snow_Quality,,,
SR50A_Snow_Quality_Std,,,
SR50_Quality,,,
SR50_Quality_Avg,,,
SR50_Quality_Std,,,
SR50_SnowDepth,-1,5,
SR50_SnowDepth_Avg,-1,5,
SR50_SnowDepth_Std,,,
SR50_T_Air,-100,100,
SR50_T_Air_Avg,-100,100,
SR50_T_Air_Std,,,
SR_Avg,-500,2000,
SR_Std,,,
SR_Sw_Avg,-500,2000,
SR_SW_Avg,-500,2000,
SR_Sw_Std,,,
SR_SW_Std,,,
ST_02_A_Avg,-50,100,
ST_02_A_Std,,,
ST_02_Avg,-50,100,
ST_02_B_Avg,-50,100,
ST_02_B_Std,,,
ST_02_C_Avg,-50,100,
ST_02_C_Std,,,
ST_02_Std,,,
ST_05_A_Avg,-50,100,
ST_05_A_Std,,,
ST_05_Avg,-50,100,
ST_05_B_Avg,-50,100,
ST_05_B_Std,,,
ST_05_C_Avg,-50,100,
ST_05_C_Std,,,
ST_05_Std,,,
ST_20_A_Avg,-50,100,
ST_20_A_Std,,,
ST_20_Avg,-50,100,
ST_20_B_Avg,-50,100,
ST_20_B_Std,,,
ST_20_C_Avg,-50,100,
ST_20_C_Std,,,
ST_20_Std,,,
ST_50_Avg,-50,100,
ST_50_Std,,,
ST_B_00_Avg,-50,100,
ST_B_00_Std,,,
ST_B_05_Avg,-50,100,
ST_B_05_Std,,,
ST_B_0_Avg,-50,100,
ST_B_0_Std,,,
ST_B_10_Avg,-50,100,
ST_B_10_Std,,,
ST_B_20_Avg,-50,100,
ST_B_20_Std,,,
ST_B_50_Avg,-50,100,
ST_B_50_Std,,,
ST_B_5_Avg,-50,100,
ST_B_5_Std,,,
ST_CI_00_Avg,-50,100,
ST_CI_00_Std,,,
ST_CI_05_Avg,-50,100,
ST_CI_05_Std,,,
ST_CI_10_Avg,-50,100,
ST_CI_10_Std,,,
ST_CI_20_Avg,-50,100,
ST_CI_20_Std,,,
ST_CI_50_Avg,-50,100,
ST_CI_50_Std,,,
ST_CS_00_Avg,-50,100,
ST_CS_00_Std,,,
ST_CS_05_Avg,-50,100,
ST_CS_05_Std,,,
ST_CS_10_Avg,-50,100,
ST_CS_10_Std,,,
ST_CS_20_Avg,-50,100,
ST_CS_20_Std,,,
ST_CS_50_Avg,-50,100,
ST_CS_50_Std,,,
std_wind_dir,,,
SunCount_IUBK_Tot,0,15,
Sun_Count_Tot,0,15,
SunCount_Tot,0,15,
sunshine_count_Tot,0,15,
sunshineIUBK_count_Tot,0,15,
Surf_T0_Avg,-100,100,
Surf_T0_Std,,,
Surf_T_Avg,-100,100,
Surf_Tbody_Avg,-100,100,
Surf_Tbody_Std,,,
Surf_T_Std,,,
Surf_V0_Avg,,,1
Surf_V0_Std,,,1
SWC_02_A_Avg,-1,2,
SWC_02_A_Std,,,
SWC_02_Avg,-1,2,
SWC_02_B_Avg,-1,2,
SWC_02_B_Std,,,
SWC_02_C_Avg,-1,2,
SWC_02_C_Std,,,
SWC_02_Std,,,
SWC_05_A_Avg,-1,2,
SWC_05_A_Std,,,
SWC_05_Avg,-1,2,
SWC_05_B_Avg,-1,2,
SWC_05_B_Std,,,
SWC_05_C_Avg,-1,2,
SWC_05_C_Std,,,
SWC_05_Std,,,
SWC_20_A_Avg,-1,2,
SWC_20_A_Std,,,
SWC_20_Avg,-1,2,
SWC_20_B_Avg,-1,2,
SWC_20_B_Std,,,
SWC_20_C_Avg,-1,2,
SWC_20_C_Std,,,
SWC_20_Std,,,
SWC_50_Avg,-1,2,
SWC_50_Std,,,
SWC_A_02_Avg,-1,2,
SWC_A_02_Std,,,
SWC_A_05_Avg,-1,2,
SWC_A_05_Std,,,
SWC_A_20_Avg,-1,2,
SWC_A_20_Std,,,
SWC_A_50_Avg,-1,2,
SWC_A_50_Std,,,
SWC_BK_05_Avg,-1,2,
SWC_BK_05_Std,,,
SWC_BK_20_Avg,-1,2,
SWC_BK_20_Std,,,
SWC_CI_05_Avg,-1,2,
SWC_CI_05_Std,,,
SWC_CI_20_Avg,-1,2,
SWC_CI_20_Std,,,
SWC_CI_swf_z50_mid_Avg,-1,2,
SWC_CI_swf_z50_mid_Std,,,
SWC_CI_z20_Avg,-1,2,
SWC_CI_z20_Std,,,
SWC_CI_z5_Avg,-1,2,
SWC_CI_z5_Std,,,
SWC_CS_05_Avg,-1,2,
SWC_CS_05_Std,,,
SWC_CS_20_Avg,-1,2,
SWC_CS_20_Std,,,
SWC_CSn_z20_Avg,-1,2,
SWC_CSn_z20_Std,,,
SWC_CSn_z5_Avg,-1,2,
SWC_CSn_z5_Std,,,
SWC_CSt_z20_Avg,-1,2,
SWC_CSt_z20_Std,,,
SWC_CSt_z5_Avg,-1,2,
SWC_CSt_z5_Std,,,
SWC_CS_z20_Avg,-1,2,
SWC_CS_z20_Std,,,
SWC_CS_z5_Avg,-1,2,
SWC_CS_z5_Std,,,
SWC_LI_05_Avg,-1,2,
SWC_LI_05_Std,,,
SWC_LI_20_Avg,-1,2,
SWC_LI_20_Std,,,
SWC_LI_z20_Avg,-1,2,
SWC_LI_z20_Std,,,
SWC_LI_z5_Avg,-1,2,
SWC_LI_z5_Std,,,
SWC_LS_05_Avg,-1,2,
SWC_LS_05_Std,,,
SWC_LS_20_Avg,-1,2,
SWC_LS_20_Std,,,
SWC_LSp_z20_Avg,-1,2,
SWC_LSp_z20_Std,,,
SWC_LSp_z5_Avg,-1,2,
SWC_LSp_z5_Std,,,
SWC_LSt_z20_Avg,-1,2,
SWC_LSt_z20_Std,,,
SWC_LSt_z5_Avg,-1,2,
SWC_LSt_z5_Std,,,
SWC_LS_z20_Avg,-1,2,
SWC_LS_z20_Std,,,
SWC_LS_z5_Avg,-1,2,
SWC_LS_z5_Std,,,
SWC_L_z20_Avg,-1,2,
SWC_L_z20_Std,,,
SWC_L_z5_Avg,-1,2,
SWC_L_z5_Std,,,
SWC_P_02_Avg,,,
SWC_P_02_Std,,,
SWC_P_05_Avg,,,
SWC_P_05_Std,,,
SWC_P_20_Avg,,,
SWC_P_20_Std,,,
SWC_P_50_Avg,,,
SWC_P_50_Std,,,
SWC_P_A_02_Avg,,,
SWC_P_A_02_Std,,,
SWC_P_A_05_Avg,,,
SWC_P_A_05_Std,,,
SWC_P_A_20_Avg,,,
SWC_P_A_20_Std,,,
SWC_P_A_50_Avg,,,
SWC_P_A_50_Std,,,
SWC_P_B_02_Avg,,,
SWC_P_B_02_Std,,,
SWC_P_B_05_Avg,,,
SWC_P_B_05_Std,,,
SWC_P_B_20_Avg,,,
SWC_P_B_20_Std,,,
SWC_P_B_50_Avg,,,
SWC_P_B_50_Std,,,
SWC_P_C_02_Avg,,,
SWC_P_C_02_Std,,,
SWC_P_C_05_Avg,,,
SWC_P_C_05_Std,,,
SWC_P_C_20_Avg,,,
SWC_P_C_20_Std,,,
SWC_P_C_50_Avg,,,
SWC_P_C_50_Std,,,
SWC_ST_02_Avg,-50,100,
SWC_ST_02_Std,,,
SWC_ST_05_Avg,-50,100,
SWC_ST_05_Std,,,
SWC_ST_20_Avg,-50,100,
SWC_ST_20_Std,,,
SWC_ST_50_Avg,-50,100,
SWC_ST_50_Std,,,
SWC_ST_A_02_Avg,-50,100,
SWC_ST_A_02_Std,,,
SWC_ST_A_05_Avg,-50,100,
SWC_ST_A_05_Std,,,
SWC_ST_A_20_Avg,-50,100,
SWC_ST_A_20_Std,,,
SWC_ST_A_50_Avg,-50,100,
SWC_ST_A_50_Std,,,
SWC_ST_B_02_Avg,-50,100,
SWC_ST_B_02_Std,,,
SWC_ST_B_05_Avg,-50,100,
SWC_ST_B_05_Std,,,
SWC_ST_B_20_Avg,-50,100,
SWC_ST_B_20_Std,,,
SWC_ST_B_50_Avg,-50,100,
SWC_ST_B_50_Std,,,
SWC_ST_C_02_Avg,-50,100,
SWC_ST_C_02_Std,,,
SWC_ST_C_05_Avg,-50,100,
SWC_ST_C_05_Std,,,
SWC_ST_C_20_Avg,-50,100,
SWC_ST_C_20_Std,,,
SWC_ST_C_50_Avg,-50,100,
SWC_ST_C_50_Std,,,
SWC_T_02_Avg,-50,100,
SWC_T_02_Std,,,
SWC_T_05_Avg,-50,100,
SWC_T_05_Std,,,
SWC_T_20_Avg,-50,100,
SWC_T_20_Std,,,
SWC_T_50_Avg,-50,100,
SWC_T_50_Std,,,
SWC_TS_05_Avg,-1,2,
SWC_TS_05_Std,,,
SWC_TS_20_Avg,-1,2,
SWC_TS_20_Std,,,
SWC_TSn_z20_Avg,-1,2,
SWC_TSn_z20_Std,,,
SWC_TSn_z5_Avg,-1,2,
SWC_TSn_z5_Std,,,
SWC_TSt_z20_Avg,-1,2,
SWC_TSt_z20_Std,,,
SWC_TSt_z5_Avg,-1,2,
SWC_TSt_z5_Std,,,
SWC_T_z20_Avg,-1,2,
SWC_T_z20_Std,,,
SWC_T_z5_Avg,-1,2,
SWC_T_z5_Std,,,
SWC_WC_02_Avg,-1,2,
SWC_WC_02_Std,,,
SWC_WC_05_Avg,-1,2,
SWC_WC_05_Std,,,
SWC_WC_20_Avg,-1,2,
SWC_WC_20_Std,,,
SWC_WC_50_Avg,-1,2,
SWC_WC_50_Std,,,
SWC_WC_A_02_Avg,-1,2,
SWC_WC_A_02_Std,,,
SWC_WC_A_05_Avg,-1,2,
SWC_WC_A_05_Std,,,
SWC_WC_A_20_Avg,-1,2,
SWC_WC_A_20_Std,,,
SWC_WC_A_50_Avg,-1,2,
SWC_WC_A_50_Std,,,
SWC_WC_B_02_Avg,-1,2,
SWC_WC_B_02_Std,,,
SWC_WC_B_05_Avg,-1,2,
SWC_WC_B_05_Std,,,
SWC_WC_B_20_Avg,-1,2,
SWC_WC_B_20_Std,,,
SWC_WC_B_50_Avg,-1,2,
SWC_WC_B_50_Std,,,
SWC_WC_BK_05_Avg,-1,2,
SWC_WC_BK_05_Std,,,
SWC_WC_BK_20_Avg,-1,2,
SWC_WC_BK_20_Std,,,
SWC_WC_C_02_Avg,-1,2,
SWC_WC_C_02_Std,,,
SWC_WC_C_05_Avg,-1,2,
SWC_WC_C_05_Std,,,
SWC_WC_C_20_Avg,-1,2,
SWC_WC_C_20_Std,,,
SWC_WC_C_50_Avg,-1,2,
SWC_WC_C_50_Std,,,
SWP_05,-100000,1,
SWP_05_Avg,-100000,1,
SWP_05_Std,,,
SWP_20,-100000,1,
SWP_20_Avg,-100000,1,
SWP_20_Std,,,
SWP_50,-100000,1,
SWP_50_Avg,-100000,1,
SWP_50_Std,,,
SWP_A_05,-100000,1,
SWP_A_05_Avg,-100000,1,
SWP_A_05_Std,,,
SWP_A_20,-100000,1,
SWP_A_20_Avg,-100000,1,
SWP_A_20_Std,,,
SWP_A_50,-100000,1,
SWP_A_50_Avg,-100000,1,
SWP_A_50_Std,,,
SWP_CI_z20_Avg,-1,10000,
SWP_CI_z20_Std,,,
SWP_CI_z5_Avg,-1,10000,
SWP_CI_z5_Std,,,
SWP_CSn_z20_Avg,-1,10000,
SWP_CSn_z20_Std,,,
SWP_CSn_z5_Avg,-1,10000,
SWP_CSn_z5_Std,,,
SWP_CSt_z20_Avg,-1,10000,
SWP_CSt_z20_Std,,,
SWP_CSt_z5_Avg,-1,10000,
SWP_CSt_z5_Std,,,
SWP_ST_05_Avg,-50,100,
SWP_ST_05_Std,,,
SWP_ST_20_Avg,-50,100,
SWP_ST_20_Std,,,
SWP_ST_50_Avg,-50,100,
SWP_ST_50_Std,,,
SWP_ST_A_05,-50,100,
SWP_ST_A_05_Avg,-50,100,
SWP_ST_A_05_Std,,,
SWP_ST_A_20,-50,100,
SWP_ST_A_20_Avg,-50,100,
SWP_ST_A_20_Std,,,
SWP_ST_A_50,-50,100,
SWP_ST_A_50_Avg,-50,100,
SWP_ST_A_50_Std,,,
SWP_ST_C_05_Avg,-50,100,
SWP_ST_C_05_Std,,,
SWP_ST_C_20_Avg,-50,100,
SWP_ST_C_20_Std,,,
SWP_ST_C_50_Avg,-50,100,
SWP_ST_C_50_Std,,,
SWP_T_05,-50,100,
SWP_T_05_Avg,-50,100,
SWP_T_05_Std,,,
SWP_T_20,-50,100,
SWP_T_20_Avg,-50,100,
SWP_T_20_Std,,,
SWP_T_50,-50,100,
SWP_T_50_Avg,-50,100,
SWP_T_50_Std,,,
SWP_WP_05_Avg,-100000,1,
SWP_WP_05_Std,,,
SWP_WP_20_Avg,-100000,1,
SWP_WP_20_Std,,,
SWP_WP_50_Avg,-100000,1,
SWP_WP_50_Std,,,
SWP_WP_A_05_Avg,-100000,1,
SWP_WP_A_05_Std,,,
SWP_WP_A_20_Avg,-100000,1,
SWP_WP_A_20_Std,,,
SWP_WP_A_50_Avg,-100000,1,
SWP_WP_A_50_Std,,,
SWP_WP_C_05_Avg,-100000,1,
SWP_WP_C_05_Std,,,
SWP_WP_C_20_Avg,-100000,1,
SWP_WP_C_20_Std,,,
SWP_WP_C_50_Avg,-100000,1,
SWP_WP_C_50_Std,,,
T_107_C_Avg,-100,100,
T_107_C_Std,,,
T_air_Avg,-100,100,
T_Air_Avg,-100,100,
T_air_Std,,,
T_Air_Std,,,
Target_T_Avg,-100,100,
Target_T_mV_Avg,-5,5,
Target_T_mV_Std,,,
Target_T_Std,,,
TargmV_Avg,,,
TargmV_Std,,,
TargTempC_Avg,-50,100,
TargTempC_Std,,,
T_Box_Avg,-100,100,
T_Box_Std,,,
TEST_VAR,,,1
TIMESTAMP,,,
T_Log_Avg,-100,100,
T_Ref_Box_Avg,-50,100,
T_Ref_Box_Std,,,
T_soil_CI_z0_Avg,-50,100,
Tsoil_CI_z0_Avg,-50,100,
T_soil_CI_z0_Std,,,
Tsoil_CI_z0_Std,,,
T_soil_CI_z10_Avg,-50,100,
Tsoil_CI_z10_Avg,-50,100,
T_soil_CI_z10_Std,,,
Tsoil_CI_z10_Std,,,
T_soil_CI_z20_Avg,-50,100,
Tsoil_CI_z20_Avg,-50,100,
T_soil_CI_z20_Std,,,
Tsoil_CI_z20_Std,,,
T_soil_CI_z50_Avg,-50,100,
Tsoil_CI_z50_Avg,-50,100,
T_soil_CI_z50_Std,,,
Tsoil_CI_z50_Std,,,
T_soil_CI_z5_Avg,-50,100,
Tsoil_CI_z5_Avg,-50,100,
T_soil_CI_z5_Std,,,
Tsoil_CI_z5_Std,,,
T_soil_CS_z0_Avg,-50,100,
Tsoil_CS_z0_Avg,-50,100,
T_soil_CS_z0_Std,,,
Tsoil_CS_z0_Std,,,
T_soil_CS_z10_Avg,-50,100,
Tsoil_CS_z10_Avg,-50,100,
T_soil_CS_z10_Std,,,
Tsoil_CS_z10_Std,,,
T_soil_CS_z20_Avg,-50,100,
Tsoil_CS_z20_Avg,-50,100,
T_soil_CS_z20_Std,,,
Tsoil_CS_z20_Std,,,
T_soil_CS_z50_Avg,-50,100,
Tsoil_CS_z50_Avg,-50,100,
T_soil_CS_z50_Std,,,
Tsoil_CS_z50_Std,,,
T_soil_CS_z5_Avg,-50,100,
Tsoil_CS_z5_Avg,-50,100,
T_soil_CS_z5_Std,,,
Tsoil_CS_z5_Std,,,
UpTot_Avg,-500,2000,
UpTot_Std,,,
Wind_Diag10F_Tot,,,
Wind_Diag_10_TOT,,,
Wind_Diag1F_Tot,,,
Wind_Diag_1_TOT,,,
Wind_Diag2F_Tot,,,
Wind_Diag_2_TOT,,,
Wind_Diag4F_Tot,,,
Wind_Diag_4_TOT,,,
Wind_Diag8F_Tot,,,
Wind_Diag_8_TOT,,,
Wind_Diag9F_Tot,,,
Wind_Diag_9_TOT,,,
WindDir,-50,400,
Wind_Dir,-10,400,
Wind_Dir_Std,,,
Wind_NNDF_Tot,,,
Wind_SmplsF_Tot,,,
Wind_Speed,-5,50,
Wind_Speed_Avg,-5,50,
Wind_Speed_Max,-5,50,
Wind_Speed_Std,,,
WPrecip_BucketContent,-1,100,
WPrecip_BucketContent_NRT,-1,100,
WPrecip_BucketLevel,-3,300,
W_Precip_HeatStat,,,
WPrecip_HeatStatus,,,
W_Precip_Int_Avg,-1,1000,
WPrecip_Int_Avg,-1,1000,
W_Precip_Int_Max,-1,1000,
WPrecip_Int_Max,-1,1000,
W_Precip_Int_Std,,,
WPrecip_Int_Std,,,
W_Precip_Level,-1,100,
W_Precip_Level_NRT,-1,100,
W_Precip_LevelPerc,-3,300,
WPrecip_NRT_CK,-1,Inf,
W_Precip_NRT_Cum,-1,Inf,
W_Precip_NRT_Tot,-1,500,
WPrecip_NRT_Tot,-1,500,
W_Precip_PluvioStat,,,
WPrecip_PluvioStatus,,,
W_Precip_SupplyV_Avg,-1,50,
WPrecip_SupplyV_Avg,-1,50,
W_Precip_SupplyV_Std,,,
WPrecip_SupplyV_Std,,,
W_Precip_T_Cell_Avg,-100,100,
WPrecip_T_Cell_Avg,-100,100,
W_Precip_T_Cell_Std,,,
WPrecip_T_Cell_Std,,,
W_Precip_T_EleUnit_Avg,-100,100,
WPrecip_T_EleUnit_Avg,-100,100,
W_Precip_T_EleUnit_Std,,,
WPrecip_T_EleUnit_Std,,,
W_Precip_T_HeatRim_Avg,-100,100,
WPrecip_T_HeatRim_Avg,-100,100,
W_Precip_T_HeatRim_Std,,,
WPrecip_T_HeatRim_Std,,,
W_Precip_Tot,-1,500,
WPrecip__Tot,-1,100,
WSpeed_Avg,-5,100,
WSpeed_Std,,,
